--Generated by https://www.rebasedata.com/convert-sqlite-to-mysql-online

-- MySQL dump 10.16  Distrib 10.1.48-MariaDB, for debian-linux-gnu (x86_64)
--
-- Host: localhost    Database: db
-- ------------------------------------------------------
-- Server version	10.1.48-MariaDB-0+deb9u2

/*!40101 SET @OLD_CHARACTER_SET_CLIENT=@@CHARACTER_SET_CLIENT */;
/*!40101 SET @OLD_CHARACTER_SET_RESULTS=@@CHARACTER_SET_RESULTS */;
/*!40101 SET @OLD_COLLATION_CONNECTION=@@COLLATION_CONNECTION */;
/*!40101 SET NAMES utf8mb4 */;
/*!40103 SET @OLD_TIME_ZONE=@@TIME_ZONE */;
/*!40103 SET TIME_ZONE='+00:00' */;
/*!40014 SET @OLD_UNIQUE_CHECKS=@@UNIQUE_CHECKS, UNIQUE_CHECKS=0 */;
/*!40014 SET @OLD_FOREIGN_KEY_CHECKS=@@FOREIGN_KEY_CHECKS, FOREIGN_KEY_CHECKS=0 */;
/*!40101 SET @OLD_SQL_MODE=@@SQL_MODE, SQL_MODE='NO_AUTO_VALUE_ON_ZERO' */;
/*!40111 SET @OLD_SQL_NOTES=@@SQL_NOTES, SQL_NOTES=0 */;

--
-- Table structure for table `lkp_product_brand`
--

DROP TABLE IF EXISTS `lkp_product_brand`;
/*!40101 SET @saved_cs_client     = @@character_set_client */;
/*!40101 SET character_set_client = utf8 */;
CREATE TABLE `lkp_product_brand` (
                                     `id` tinyint(4) DEFAULT NULL,
                                     `value` varchar(6) DEFAULT NULL
) ENGINE=InnoDB DEFAULT CHARSET=utf8mb4;
/*!40101 SET character_set_client = @saved_cs_client */;

--
-- Dumping data for table `lkp_product_brand`
--

LOCK TABLES `lkp_product_brand` WRITE;
/*!40000 ALTER TABLE `lkp_product_brand` DISABLE KEYS */;
INSERT INTO `lkp_product_brand` VALUES (1,'Apple'),(2,'Asus'),(3,'Dell'),(4,'HP'),(5,'Lenovo'),(6,'Acer'),(7,'MSI');
/*!40000 ALTER TABLE `lkp_product_brand` ENABLE KEYS */;
UNLOCK TABLES;

--
-- Table structure for table `lkp_product_color`
--

DROP TABLE IF EXISTS `lkp_product_color`;
/*!40101 SET @saved_cs_client     = @@character_set_client */;
/*!40101 SET character_set_client = utf8 */;
CREATE TABLE `lkp_product_color` (
                                     `id` tinyint(4) DEFAULT NULL,
                                     `value` varchar(11) DEFAULT NULL
) ENGINE=InnoDB DEFAULT CHARSET=utf8mb4;
/*!40101 SET character_set_client = @saved_cs_client */;

--
-- Dumping data for table `lkp_product_color`
--

LOCK TABLES `lkp_product_color` WRITE;
/*!40000 ALTER TABLE `lkp_product_color` DISABLE KEYS */;
INSERT INTO `lkp_product_color` VALUES (1,'black'),(2,'silver'),(3,'dark silver'),(4,'blue'),(5,'gray');
/*!40000 ALTER TABLE `lkp_product_color` ENABLE KEYS */;
UNLOCK TABLES;

--
-- Table structure for table `lkp_product_cpu`
--

DROP TABLE IF EXISTS `lkp_product_cpu`;
/*!40101 SET @saved_cs_client     = @@character_set_client */;
/*!40101 SET character_set_client = utf8 */;
CREATE TABLE `lkp_product_cpu` (
                                   `id` tinyint(4) DEFAULT NULL,
                                   `value` varchar(14) DEFAULT NULL
) ENGINE=InnoDB DEFAULT CHARSET=utf8mb4;
/*!40101 SET character_set_client = @saved_cs_client */;

--
-- Dumping data for table `lkp_product_cpu`
--

LOCK TABLES `lkp_product_cpu` WRITE;
/*!40000 ALTER TABLE `lkp_product_cpu` DISABLE KEYS */;
INSERT INTO `lkp_product_cpu` VALUES (1,'Intel Core i3'),(2,'Intel Core i5'),(3,'Intel Core i7'),(4,'Intel Core i9'),(5,'Apple M2 Pro'),(6,'AMD Ryzen 3 '),(7,'Apple M1 Max'),(8,'AMD Ryzen 7'),(9,'Intel Celeron '),(10,'Apple M2');
/*!40000 ALTER TABLE `lkp_product_cpu` ENABLE KEYS */;
UNLOCK TABLES;

--
-- Table structure for table `lkp_product_graphics`
--

DROP TABLE IF EXISTS `lkp_product_graphics`;
/*!40101 SET @saved_cs_client     = @@character_set_client */;
/*!40101 SET character_set_client = utf8 */;
CREATE TABLE `lkp_product_graphics` (
                                        `id` tinyint(4) DEFAULT NULL,
                                        `value` varchar(22) DEFAULT NULL
) ENGINE=InnoDB DEFAULT CHARSET=utf8mb4;
/*!40101 SET character_set_client = @saved_cs_client */;

--
-- Dumping data for table `lkp_product_graphics`
--

LOCK TABLES `lkp_product_graphics` WRITE;
/*!40000 ALTER TABLE `lkp_product_graphics` DISABLE KEYS */;
INSERT INTO `lkp_product_graphics` VALUES (1,'NVIDIA GeForce RTX'),(2,'Intel Iris Xe Graphics'),(3,'19-Core GPU'),(4,'Intel UHD Graphics'),(5,'AMD Radeon Graphics'),(6,'32-Core GPU'),(7,'16-Core GPU'),(8,'Intel HD Graphics '),(9,' 8-Core GPU');
/*!40000 ALTER TABLE `lkp_product_graphics` ENABLE KEYS */;
UNLOCK TABLES;

--
-- Table structure for table `lkp_product_os`
--

DROP TABLE IF EXISTS `lkp_product_os`;
/*!40101 SET @saved_cs_client     = @@character_set_client */;
/*!40101 SET character_set_client = utf8 */;
CREATE TABLE `lkp_product_os` (
                                  `id` tinyint(4) DEFAULT NULL,
                                  `value` varchar(15) DEFAULT NULL
) ENGINE=InnoDB DEFAULT CHARSET=utf8mb4;
/*!40101 SET character_set_client = @saved_cs_client */;

--
-- Dumping data for table `lkp_product_os`
--

LOCK TABLES `lkp_product_os` WRITE;
/*!40000 ALTER TABLE `lkp_product_os` DISABLE KEYS */;
INSERT INTO `lkp_product_os` VALUES (1,'DOS'),(2,'Windows 11 Home'),(3,'macOS'),(4,'Linux'),(5,'Windows 11 Pro'),(6,' Windows 10 Pro'),(7,'Chrome OS');
/*!40000 ALTER TABLE `lkp_product_os` ENABLE KEYS */;
UNLOCK TABLES;

--
-- Table structure for table `lkp_product_ram_type`
--

DROP TABLE IF EXISTS `lkp_product_ram_type`;
/*!40101 SET @saved_cs_client     = @@character_set_client */;
/*!40101 SET character_set_client = utf8 */;
CREATE TABLE `lkp_product_ram_type` (
                                        `id` tinyint(4) DEFAULT NULL,
                                        `value` varchar(7) DEFAULT NULL
) ENGINE=InnoDB DEFAULT CHARSET=utf8mb4;
/*!40101 SET character_set_client = @saved_cs_client */;

--
-- Dumping data for table `lkp_product_ram_type`
--

LOCK TABLES `lkp_product_ram_type` WRITE;
/*!40000 ALTER TABLE `lkp_product_ram_type` DISABLE KEYS */;
INSERT INTO `lkp_product_ram_type` VALUES (1,'Unified'),(2,'DDR5'),(3,'DDR4');
/*!40000 ALTER TABLE `lkp_product_ram_type` ENABLE KEYS */;
UNLOCK TABLES;

--
-- Table structure for table `lkp_product_resolution`
--

DROP TABLE IF EXISTS `lkp_product_resolution`;
/*!40101 SET @saved_cs_client     = @@character_set_client */;
/*!40101 SET character_set_client = utf8 */;
CREATE TABLE `lkp_product_resolution` (
                                          `id` tinyint(4) DEFAULT NULL,
                                          `value` varchar(20) DEFAULT NULL
) ENGINE=InnoDB DEFAULT CHARSET=utf8mb4;
/*!40101 SET character_set_client = @saved_cs_client */;

--
-- Dumping data for table `lkp_product_resolution`
--

LOCK TABLES `lkp_product_resolution` WRITE;
/*!40000 ALTER TABLE `lkp_product_resolution` DISABLE KEYS */;
INSERT INTO `lkp_product_resolution` VALUES (1,'1920 x 1080 (FullHD)'),(2,'2560 x 1600'),(3,'3456 x 2234'),(4,'3024x1964'),(5,'3200 x 2000'),(6,'3840 x 2400'),(7,'2880 x 1800'),(8,'1366 x 768 ');
/*!40000 ALTER TABLE `lkp_product_resolution` ENABLE KEYS */;
UNLOCK TABLES;

--
-- Table structure for table `lkp_product_type`
--

DROP TABLE IF EXISTS `lkp_product_type`;
/*!40101 SET @saved_cs_client     = @@character_set_client */;
/*!40101 SET character_set_client = utf8 */;
CREATE TABLE `lkp_product_type` (
                                    `id` tinyint(4) DEFAULT NULL,
                                    `value` varchar(9) DEFAULT NULL
) ENGINE=InnoDB DEFAULT CHARSET=utf8mb4;
/*!40101 SET character_set_client = @saved_cs_client */;

--
-- Dumping data for table `lkp_product_type`
--

LOCK TABLES `lkp_product_type` WRITE;
/*!40000 ALTER TABLE `lkp_product_type` DISABLE KEYS */;
INSERT INTO `lkp_product_type` VALUES (1,'universal'),(2,'business'),(3,'gaming'),(4,'desktop'),(5,'ultrabook');
/*!40000 ALTER TABLE `lkp_product_type` ENABLE KEYS */;
UNLOCK TABLES;

--
-- Table structure for table `lkp_product_year`
--

DROP TABLE IF EXISTS `lkp_product_year`;
/*!40101 SET @saved_cs_client     = @@character_set_client */;
/*!40101 SET character_set_client = utf8 */;
CREATE TABLE `lkp_product_year` (
                                    `id` tinyint(4) DEFAULT NULL,
                                    `value` smallint(6) DEFAULT NULL
) ENGINE=InnoDB DEFAULT CHARSET=utf8mb4;
/*!40101 SET character_set_client = @saved_cs_client */;

--
-- Dumping data for table `lkp_product_year`
--

LOCK TABLES `lkp_product_year` WRITE;
/*!40000 ALTER TABLE `lkp_product_year` DISABLE KEYS */;
INSERT INTO `lkp_product_year` VALUES (1,2023),(2,2022),(3,2021);
/*!40000 ALTER TABLE `lkp_product_year` ENABLE KEYS */;
UNLOCK TABLES;

--
-- Table structure for table `product`
--

DROP TABLE IF EXISTS `product`;
/*!40101 SET @saved_cs_client     = @@character_set_client */;
/*!40101 SET character_set_client = utf8 */;
CREATE TABLE `product` (
                           `id` tinyint(4) DEFAULT NULL,
                           `model` varchar(67) DEFAULT NULL,
                           `image` varchar(0) DEFAULT NULL,
                           `image_name` varchar(0) DEFAULT NULL,
                           `code` varchar(12) DEFAULT NULL,
                           `price` decimal(6,2) DEFAULT NULL,
                           `year_id` tinyint(4) DEFAULT NULL,
                           `brand_id` tinyint(4) DEFAULT NULL,
                           `type_id` tinyint(4) DEFAULT NULL,
                           `cpu_id` tinyint(4) DEFAULT NULL,
                           `color_id` tinyint(4) DEFAULT NULL,
                           `graphics_id` tinyint(4) DEFAULT NULL,
                           `os_id` tinyint(4) DEFAULT NULL,
                           `resolution_id` tinyint(4) DEFAULT NULL,
                           `ram_type_id` tinyint(4) DEFAULT NULL,
                           `ram` tinyint(4) DEFAULT NULL,
                           `core` varchar(2) DEFAULT NULL,
                           `diagonal` decimal(3,1) DEFAULT NULL,
                           `sizeHD` smallint(6) DEFAULT NULL,
                           `refresh_rate` varchar(3) DEFAULT NULL,
                           `weight` varchar(4) DEFAULT NULL,
                           `thickness` varchar(3) DEFAULT NULL,
                           `cpu_model` varchar(6) DEFAULT NULL,
                           `graphics_model` varchar(8) DEFAULT NULL,
                           `url` varchar(119) DEFAULT NULL
) ENGINE=InnoDB DEFAULT CHARSET=utf8mb4;
/*!40101 SET character_set_client = @saved_cs_client */;

--
-- Dumping data for table `product`
--

LOCK TABLES `product` WRITE;
/*!40000 ALTER TABLE `product` DISABLE KEYS */;
INSERT INTO `product` VALUES (1,'HP 15.6\"\" ProBook 450 G9 Laptop','','','HEPB450687P3',1069.99,2,4,1,2,2,1,2,1,3,16,'10',15.6,512,'60','1174','199','1255U','','https://www.bhphotovideo.com/c/product/1707095-REG/hp_687p3ut_aba_probook_450_g9_i7_1255u.html'),(2,'Apple 16\"\" MacBook Pro','','','APMBM2P1T16G',2699.99,2,1,1,5,1,3,3,3,1,16,'12',16.0,1000,'120','2150','','','','https://www.bhphotovideo.com/c/product/1746362-REG/'),(3,'ASUS 15.6\"\" TUF Gaming F15 Laptop','','','ASFX507ZMB74',1149.00,3,2,3,2,1,1,2,1,2,16,'11',15.6,1000,'144','2300','247','','4080','https://www.bhphotovideo.com/c/product/1702433-REG/asus_fx507zm_bs74_tuf_i7_12700h_16gb_1tb.html'),(4,'Lenovo 16\"\" IdeaPad Slim 5 Notebook','','','LE82XF0012US',629.00,1,5,1,3,2,1,2,1,2,8,'6',16.0,512,'60','1139','169','1335U','','https://www.bhphotovideo.com/c/product/1762578-REG/lenovo_82xf0012us_16_slim_5i_laptop.html'),(5,'ASUS 16\"\" ProArt StudioBook OLED 16 Series Laptop','','','ASH7600ZWDB7',1799.00,2,2,1,2,1,1,2,1,2,16,'16',16.0,1000,'60','2400','199','','4080','https://www.bhphotovideo.com/c/product/1711535-REG/asus_h7600zwdb76_pa_i7_12700h_16_1_1tb_rtx3070_w11_16.html'),(6,'Dell 23.8\" OptiPlex 5400 All-in-One Desktop Computer','','','DEO5400NVGMV',1330.86,2,3,4,2,1,4,5,1,3,16,'6',23.8,256,'','','','','770','https://www.bhphotovideo.com/c/product/1711454-REG/dell_nvgmv_optiplex_5400_aio_i5_12500.html'),(7,'Lenovo 23.8\" IdeaCentre 3i Multi-Touch All-in-One Desktop Computer','','','LEF0GH00PUUS',729.00,2,5,4,2,1,4,2,1,3,8,'8',23.8,256,'','','','','','https://www.bhphotovideo.com/c/product/1762508-REG/lenovo_f0gh00puus_23_8_ideacenter_aio_3i.html'),(8,'HP 23.8\" EliteOne 840 G9 All-in-One Desktop Computer','','','HE69S91UT',1299.00,2,4,4,2,2,4,5,1,2,16,'6',23.8,512,'','','','','770','https://www.bhphotovideo.com/c/product/1718093-REG/hp_69s91ut_aba_eliteone_840_g9_23_8.html'),(9,'Lenovo 23.8\" IdeaCentre 3 All-in-One Desktop Computer','','','LEF0G100QGUS',529.00,1,5,4,6,1,5,2,1,3,8,'4',23.8,256,'','','','7330U','','https://www.bhphotovideo.com/c/product/1762506-REG/lenovo_f0g100qgus_23_8_ideacenter_aio_3.html'),(10,'Lenovo 15.6\" IdeaPad Slim 3 Notebook','','','LE82X70005US',449.00,1,5,1,1,4,4,2,1,2,8,'',15.6,256,'','','','1315U ','','https://www.bhphotovideo.com/c/product/1762582-REG/lenovo_82x70005us_15_6_ideapad_slim_3.html/fci/35801'),(11,'HP 15.6\" ProBook 450 G9 Laptop','','','HEPB450687N8',928.95,1,4,2,2,2,2,5,1,3,8,'10',15.6,256,'','','','1235U','','https://www.bhphotovideo.com/c/product/1703601-REG/hp_687n8ut_aba_probook_450_g9_i5_1235u.html'),(12,'Acer 15.6\" Aspire 5 Notebook ','','','ACA51557748P',649.99,2,6,2,3,5,2,2,1,3,16,'',15.6,512,'','','','','','https://www.bhphotovideo.com/c/product/1722156-REG/acer_nx_k3kaa_007_15_6_aspire_5_a515_57_748p.html'),(13,'ASUS 13.4\" ROG Flow Z13 2-in-1 Gaming Laptop','','','ASG301VUDS94',1749.99,2,2,3,4,1,1,2,2,2,16,'14',13.4,1000,'','','','','4050','https://www.bhphotovideo.com/c/product/1756853-REG/asus_gz301vu_ds94_13_4_rog_flow_gaming.html'),(14,'HP 17.3\" OMEN 17-ck1003nr Gaming Laptop','','','HEOMEN12900H',1699.00,1,4,3,4,1,1,2,2,2,32,'14',17.3,1000,'','','','12900H','3080 Ti ','https://www.bhphotovideo.com/c/product/1758502-REG/hp_6u715ua_aba_17_3_omen_gaming_laptop.html'),(15,'Apple 16.2\" MacBook Pro with M1 Max Chip','','','APMK1A3LLA',2699.00,1,1,1,7,5,6,3,3,1,32,'10',16.2,1000,'','','','','','https://www.bhphotovideo.com/c/product/1668190-REG/apple_mk1a3ll_a_16_2_macbook_pro_with.html'),(16,'Apple 14\" MacBook Pro','','','APMBM2P51214',1749.00,2,1,1,5,2,7,3,4,1,16,'10',14.2,512,'','','','','','https://www.bhphotovideo.com/c/product/1746351-REG/apple_mphe3ll_a_14_macbook_pro_with.html'),(17,'ASUS 16\" ProArt StudioBook 16 OLED Multi-Touch Laptop','','','ASH7604JVT',2199.99,1,2,1,4,1,1,2,5,2,32,'24',16.0,1000,'120','','','','4060','https://www.bhphotovideo.com/c/product/1762489-REG/asus_h7604jv_ds96t_16_proart_studiobook_touch.html'),(18,'HP 16\" ZBook Studio G9 Mobile Workstation','','','HEZBS166M748',3252.77,2,4,1,3,1,1,5,6,2,32,'14',16.0,1000,'120','','','','3070','https://www.bhphotovideo.com/c/product/1712202-REG/hp_6m748ut_aba_zb_studio_16_g9_i7_12800h_32_1tb_3071ti_w11pd_16.html'),(19,'Acer 15.6\" Aspire 3 Notebook','','','ACA3155933XY',399.99,2,6,1,1,2,4,2,1,3,8,'',15.6,256,'','','','','','https://www.bhphotovideo.com/c/product/1722157-REG/acer_nx_k7waa_001_15_6_aspire_3_a315_59_33xy.html'),(20,'Acer 16\" Nitro 16 Gaming Laptop (Obsidian Black)','','','ACAN1641R7FA',1349.00,3,6,3,3,1,1,2,2,2,16,'8',16.0,512,'165','','','7735HS','4070','https://www.bhphotovideo.com/c/product/1750892-REG/acer_an16_41_r7fa_16_16_10_wqxga_165hz.html'),(21,'Lenovo 14\" Slim 7 Multi-Touch Notebook (Misty Gray)','','','LE83A40004US',1199.99,1,5,1,3,5,2,5,7,2,16,'',14.0,512,'','','','1360P','','https://www.bhphotovideo.com/c/product/1762583-REG/lenovo_83a40004us_14_slim_7_laptop.html'),(22,'ASUS ROG Strix G16 Gaming Laptop (2023, Eclipse Gray)','','','ASG614JUES94',1599.99,2,2,3,4,5,1,2,2,2,16,'24',16.0,1000,'','','','','4050','https://www.bhphotovideo.com/c/product/1756851-REG/asus_g614ju_es94_16_tuf_gaming_laptop.html'),(23,'Lenovo 16\" IdeaPad Flex 5 2-in-1 Multi-Touch Notebook (Arctic Gray)','','','LE82Y1001VUS',899.00,1,5,1,3,5,2,2,1,2,16,'',16.0,512,'','','','1355U ','','https://www.bhphotovideo.com/c/product/1762579-REG/lenovo_82y1001vus_16_ideapad_flex_5.html'),(24,'Lenovo 15.6\" LOQ 15IRH8 Gaming Laptop (Onyx Gray)','','','LE82XV005GUS',1049.00,2,5,3,3,5,1,2,1,2,16,'14',15.6,512,'144','','','','4050','https://www.bhphotovideo.com/c/product/1745673-REG/lenovo_82xv005gus_15_6_loq_15irh8_gaming.html'),(25,'Lenovo 15.6\" ThinkPad E15 Gen 4 Notebook','','','LETP21E6007B',799.99,3,5,1,2,1,2,5,1,3,8,'',15.6,256,'','','','','','https://www.bhphotovideo.com/c/product/1716083-REG/lenovo_21e6007bus_15_6_thinkpad_e15_gen.html'),(26,'HP 17\" 470 G9 Laptop','','','HE6Z0W9UT',1199.99,2,4,1,3,2,1,5,1,3,16,'10',17.3,512,'','','','1265U','MX550','https://www.bhphotovideo.com/c/product/1718872-REG/hp_6z0w9ut_aba_17_3_470_g9_notebook.html'),(27,'Dell 15.6\" Latitude 3520 Notebook (Gray)','','','DEL35207FK9C',629.00,2,3,1,2,5,2,6,1,3,8,'4',15.6,256,'','','','','','https://www.bhphotovideo.com/c/product/1723534-REG/dell_7fk9c_15_6_latitude_3520_laptop.html'),(28,'ASUS 15.6\" 32GB C523 Chromebook','','','ASC523NADH02',269.99,1,2,1,9,2,8,7,8,3,4,'',15.6,32,'','','','N3350','500','https://www.bhphotovideo.com/c/product/1437069-REG/asus_c523na_dh02_15_6_32gb_c523_chromebook.html'),(29,'Lenovo 16\" ThinkPad P16 Gen 1 Mobile Workstation (Storm Gray)','','','LETPP1621D60',2899.00,2,5,1,3,5,1,5,2,2,32,'',16.0,1000,'','','','','A4500','https://www.bhphotovideo.com/c/product/1713765-REG/lenovo_21d60073us_tpp16_g1_i7_12850hx_32_1tb.html'),(30,'HP 13.3\" EliteBook 835 G8 Laptop','','','HE835G84X618',749.00,3,4,1,8,2,5,6,1,3,16,'8',13.3,512,'','','','','','https://www.bhphotovideo.com/c/product/1662469-REG/hp_4x618ut_aba_eb_835_g8_ryzen.html'),(31,'ASUS 15.6\" Vivobook S 15 OLED Laptop (Midnight Black)','','','ASK5504VA',1099.99,1,2,1,4,1,2,2,7,2,16,'14',15.6,1000,'120','','','','','https://www.bhphotovideo.com/c/product/1762490-REG/asus_k5504va_es96_15_6_vivobook_s_oled.html'),(32,'Apple 13.6\" MacBook Air (M2, Midnight)','','','PMBAM2MN06',1799.00,1,1,1,10,1,9,3,2,1,16,'8',13.6,1000,'','','','','','https://www.bhphotovideo.com/c/product/1710332-REG/apple_mbam2mn_06_13_6_macbook_air_m2.html');
/*!40000 ALTER TABLE `product` ENABLE KEYS */;
UNLOCK TABLES;

--
-- Table structure for table `product_field`
--

DROP TABLE IF EXISTS `product_field`;
/*!40101 SET @saved_cs_client     = @@character_set_client */;
/*!40101 SET character_set_client = utf8 */;
CREATE TABLE `product_field` (
                                 `id` tinyint(4) DEFAULT NULL,
                                 `product_field` varchar(13) DEFAULT NULL,
                                 `lookup_table_values` varchar(147) DEFAULT NULL,
                                 `filter_type` varchar(6) DEFAULT NULL,
                                 `filterable` tinyint(4) DEFAULT NULL
) ENGINE=InnoDB DEFAULT CHARSET=utf8mb4;
/*!40101 SET character_set_client = @saved_cs_client */;

--
-- Dumping data for table `product_field`
--

LOCK TABLES `product_field` WRITE;
/*!40000 ALTER TABLE `product_field` DISABLE KEYS */;
INSERT INTO `product_field` VALUES (1,'model','','search',1),(2,'code','','search',1),(3,'price','','range',1),(4,'year_id','2023,2022,2021','list',1),(5,'brand_id','Apple,Asus,Dell,HP,Lenovo,Acer,MSI','list',1),(6,'type_id','universal,business,gaming,desktop,ultrabook','list',1),(7,'cpu_id','Intel Core i3,Intel Core i5,Intel Core i7,Intel Core i9,Apple M2 Pro,AMD Ryzen 3 ,Apple M1 Max,AMD Ryzen 7,Intel Celeron ,Apple M2','list',0),(8,'color_id','black,silver,dark silver,blue,gray','list',1),(9,'graphics_id','NVIDIA GeForce RTX,Intel Iris Xe Graphics,19-Core GPU,Intel UHD Graphics,AMD Radeon Graphics,32-Core GPU,16-Core GPU,Intel HD Graphics , 8-Core GPU','list',0),(10,'os_id','DOS,Windows 11 Home,macOS,Linux,Windows 11 Pro, Windows 10 Pro,Chrome OS','list',1),(11,'resolution_id','1920 x 1080 (FullHD),2560 x 1600,3456 x 2234,3024x1964,3200 x 2000,3840 x 2400,2880 x 1800,1366 x 768 ','list',0),(12,'ram_type_id','Unified,DDR5,DDR4','list',0),(13,'ram','','range',0),(14,'core','','range',0),(15,'diagonal','','range',0),(16,'sizeHD','','range',0),(17,'refresh_rate','','range',0),(18,'weight','','range',0),(19,'thickness','','range',0);
/*!40000 ALTER TABLE `product_field` ENABLE KEYS */;
UNLOCK TABLES;

--
-- Table structure for table `sqlite_sequence`
--

DROP TABLE IF EXISTS `sqlite_sequence`;
/*!40101 SET @saved_cs_client     = @@character_set_client */;
/*!40101 SET character_set_client = utf8 */;
CREATE TABLE `sqlite_sequence` (
                                   `name` varchar(22) DEFAULT NULL,
                                   `seq` tinyint(4) DEFAULT NULL
) ENGINE=InnoDB DEFAULT CHARSET=utf8mb4;
/*!40101 SET character_set_client = @saved_cs_client */;

--
-- Dumping data for table `sqlite_sequence`
--

LOCK TABLES `sqlite_sequence` WRITE;
/*!40000 ALTER TABLE `sqlite_sequence` DISABLE KEYS */;
INSERT INTO `sqlite_sequence` VALUES ('lkp_product_year',3),('lkp_product_brand',7),('lkp_product_type',5),('lkp_product_cpu',10),('lkp_product_color',5),('lkp_product_graphics',9),('lkp_product_os',7),('lkp_product_resolution',8),('lkp_product_ram_type',3),('product',32),('product_field',19);
/*!40000 ALTER TABLE `sqlite_sequence` ENABLE KEYS */;
UNLOCK TABLES;
/*!40103 SET TIME_ZONE=@OLD_TIME_ZONE */;

/*!40101 SET SQL_MODE=@OLD_SQL_MODE */;
/*!40014 SET FOREIGN_KEY_CHECKS=@OLD_FOREIGN_KEY_CHECKS */;
/*!40014 SET UNIQUE_CHECKS=@OLD_UNIQUE_CHECKS */;
/*!40101 SET CHARACTER_SET_CLIENT=@OLD_CHARACTER_SET_CLIENT */;
/*!40101 SET CHARACTER_SET_RESULTS=@OLD_CHARACTER_SET_RESULTS */;
/*!40101 SET COLLATION_CONNECTION=@OLD_COLLATION_CONNECTION */;
/*!40111 SET SQL_NOTES=@OLD_SQL_NOTES */;

-- Dump completed on 2022-12-29 11:52:11
